ID,soubor,kategorie,podkategorie,datumPridani,sezona,zamereni,nazevCz,nazevEn,nazevDe,nazevEs,altCz_colored,altEn_colored,altDe_colored,altEs_colored,altCz_coloring,altEn_coloring,altDe_coloring,altEs_coloring,altCz_partly_colored,altEn_partly_colored,altDe_partly_colored,altEs_partly_colored,altCz_sample,altEn_sample,altDe_sample,altEs_sample,assetDirectory,pdf
1004,lv1_gem_1004-bear-coloring,zvirata,lesni-zvirata,2026-06-20,,,Medvídek,Teddy Bear,Teddybär,Osito de peluche,,,,,Jednoduchá černobílá dětská omalovánka s medvídkem pro děti (batolata a předškoláky) ve věku 3–4 roky k vytisknutí zdarma,Simple black and white children's coloring page with a teddy bear for kids (toddlers and preschoolers) aged 3–4 years old free to print,Einfaches schwarz-weißes Ausmalbild mit einem Teddybären für Kinder im Alter von 3–4 Jahren kostenlos zum Ausdrucken,"Dibujo para colorear sencillo en blanco y negro con un osito de peluche para niños de 3–4 años, gratis para imprimir",,,,,,,,,,
1004,lv2_gem_1004-bear-coloring,zvirata,lesni-zvirata,2026-06-20,,,Medvídek,Teddy Bear,Teddybär,Osito de peluche,,,,,Jednoduchá černobílá dětská omalovánka s medvídkem pro děti (předškoláky) ve věku 5–6 let k vytisknutí zdarma,Simple black and white children's coloring page with a teddy bear for kids (preschoolers) aged 5–6 years old free to print,Einfaches schwarz-weißes Ausmalbild mit einem Teddybären für Kinder im Alter von 5–6 Jahren kostenlos zum Ausdrucken,"Dibujo para colorear sencillo en blanco y negro con un osito de peluche para niños de 5–6 años, gratis para imprimir",,,,,,,,,,
1004,lv3_gem_1004-bear-coloring,zvirata,lesni-zvirata,2026-06-20,,,Medvídek,Teddy Bear,Teddybär,Osito de peluche,,,,,Černobílá dětská omalovánka s medvídkem pro děti (mladší školáky) ve věku 7–9 let k vytisknutí zdarma,Black and white children's coloring page with a teddy bear for kids (young school kids) aged 7–9 years old free to print,Schwarz-weißes Ausmalbild mit einem Teddybären für Kinder im Alter von 7–9 Jahren kostenlos zum Ausdrucken,"Dibujo para colorear en blanco y negro con un osito de peluche para niños de 7–9 años, gratis para imprimir",,,,,,,,,,
1004,lv4_gem_1004-bear-coloring,zvirata,lesni-zvirata,2026-06-20,,,Medvídek,Teddy Bear,Teddybär,Osito de peluche,,,,,Černobílá dětská omalovánka s medvídkem pro děti (školáky) od 10 let k vytisknutí zdarma,Black and white children's coloring page with a teddy bear for kids (school kids) from 10 years old free to print,Schwarz-weißes Ausmalbild mit einem Teddybären für Kinder ab 10 Jahren kostenlos zum Ausdrucken,"Dibujo para colorear en blanco y negro con un osito de peluche para niños a partir de 10 años, gratis para imprimir",,,,,,,,,,
1004,lv5_gem_1004-bear-coloring,zvirata,lesni-zvirata,2026-06-20,,,Medvídek,Teddy Bear,Teddybär,Osito de peluche,,,,,Těžká antistresová černobílá omalovánka s medvídkem pro experty a dospělé k vytisknutí zdarma,Hard antistress black and white coloring page with a teddy bear for experts and adults free to print,"Detailreiches schwarz-weißes Ausmalbild mit einem Teddybären für Jugendliche ab 12 Jahren und Erwachsene, kostenlos zum Ausdrucken","Dibujo detallado para colorear en blanco y negro con un osito de peluche para jóvenes a partir de 12 años y adultos, gratis para imprimir",,,,,,,,,,
2001,lv2_gem_2001-freight-train-coloring,doprava,vlaky,2026-06-22,,,Nákladní vláček,Freight Train,Güterzug,Tren de carga,,,,,Jednoduchá černobílá dětská omalovánka nákladní vláček s parní mašinkou a vagonky naloženými dřevem a uhlím pro děti (předškoláky) ve věku 5–6 let k vytisknutí zdarma,Simple black and white children's coloring page of a cargo train with a steam engine and wagons loaded with wood and coal for kids (preschoolers) aged 5–6 years old free to print,Einfaches schwarz-weißes Ausmalbild eines Güterzugs mit Dampflokomotive und mit Holz und Kohle beladenen Waggons für Kinder im Alter von 5–6 Jahren kostenlos zum Ausdrucken,"Dibujo para colorear sencillo en blanco y negro de un tren de carga con locomotora de vapor y vagones cargados de madera y carbón para niños de 5–6 años, gratis para imprimir",,,,,,,,,,
6021,lv1_gem_6021-baby-in-stroller-coloring,povolani,rodina,2026-06-20,,,Miminko v kočárku,Baby in Stroller,Baby im Kinderwagen,Bebé en el cochecito,,,,,Jednoduchá černobílá dětská omalovánka s miminkem v kočárku pro děti (batolata a předškoláky) ve věku 3–4 roky k vytisknutí zdarma,Simple black and white children's coloring page with a baby in a stroller for kids (toddlers and preschoolers) aged 3–4 years old free to print,Einfaches schwarz-weißes Ausmalbild mit einem Baby im Kinderwagen für Kinder im Alter von 3–4 Jahren kostenlos zum Ausdrucken,"Dibujo para colorear sencillo en blanco y negro con un bebé en el cochecito para niños de 3–4 años, gratis para imprimir",,,,,,,,,,
6021,lv2_gem_6021-baby-in-stroller-coloring,povolani,rodina,2026-06-20,,,Miminko v kočárku,Baby in Stroller,Baby im Kinderwagen,Bebé en el cochecito,,,,,Jednoduchá černobílá dětská omalovánka s miminkem v kočárku pro děti (předškoláky) ve věku 5–6 let k vytisknutí zdarma,Simple black and white children's coloring page with a baby in a stroller for kids (preschoolers) aged 5–6 years old free to print,Einfaches schwarz-weißes Ausmalbild mit einem Baby im Kinderwagen für Kinder im Alter von 5–6 Jahren kostenlos zum Ausdrucken,"Dibujo para colorear sencillo en blanco y negro con un bebé en el cochecito para niños de 5–6 años, gratis para imprimir",,,,,,,,,,
1036,lv1_gpt_1036-snail-coloring,zvirata,"lucni,hmyz",2026-07-10,"jaro,podzim",jemna-motorika,Šnek,Snail,Schnecke,Caracol,,,,,Jednoduchá černobílá dětská omalovánka se šnekem pro děti (batolata a předškoláky) ve věku 3–4 roky k vytisknutí zdarma,Simple black and white children's coloring page with a snail for kids (toddlers and preschoolers) aged 3–4 years old free to print,Einfaches schwarz-weißes Ausmalbild mit einer Schnecke für Kinder im Alter von 3–4 Jahren kostenlos zum Ausdrucken,"Dibujo para colorear sencillo en blanco y negro con un caracol para niños de 3–4 años, gratis para imprimir",,,,,,,,,,
1013,lv1_gem_1013-hedgehog-coloring,zvirata,"lesni-zvirata, lucni",2026-07-10,podzim,jemna-motorika,Ježek,Hedgehog,Igel,Erizo,,,,,Jednoduchá černobílá dětská omalovánka s ježkem pro děti (batolata a předškoláky) ve věku 3–4 roky k vytisknutí zdarma,Simple black and white children's coloring page with a hedgehog for kids (toddlers and preschoolers) aged 3–4 years old free to print,Einfaches schwarz-weißes Ausmalbild mit einem Igel für Kinder im Alter von 3–4 Jahren kostenlos zum Ausdrucken,"Dibujo para colorear sencillo en blanco y negro con un erizo para niños de 3–4 años, gratis para imprimir",,,,,,,,,,
1013,lv2_gem_1013-hedgehog-apple-tree-coloring,zvirata,"lesni-zvirata, lucni",2026-07-10,podzim,jemna-motorika,Ježek pod jabloní,Hedgehog Under an Apple Tree,Igel unter dem Apfelbaum,Erizo bajo el manzano,,,,,Jednoduchá černobílá dětská omalovánka s ježek pod jabloní pro děti (předškoláky) ve věku 5–6 let k vytisknutí zdarma,Simple black and white children's coloring page with a hedgehog under an apple tree for kids (preschoolers) aged 5–6 years old free to print,Einfaches schwarz-weißes Ausmalbild mit einem Igel unter dem Apfelbaum für Kinder im Alter von 5–6 Jahren kostenlos zum Ausdrucken,"Dibujo para colorear sencillo en blanco y negro con un erizo bajo el manzano para niños de 5–6 años, gratis para imprimir",,,,,,,,,,
1001,lv1_gem_1001-dog-doghouse-coloring,zvirata,domaci-zvirata,2026-07-09,,jemna-motorika,Pejsek před boudou,Dog in Front of the Doghouse,Hund vor der Hundehütte,Perro frente a la caseta,,,,,Jednoduchá černobílá dětská omalovánka s pejsek před boudou pro děti (batolata a předškoláky) ve věku 3–4 roky k vytisknutí zdarma,Simple black and white children's coloring page with a dog in front of the doghouse for kids (toddlers and preschoolers) aged 3–4 years old free to print,Einfaches schwarz-weißes Ausmalbild mit einem Hund vor der Hundehütte für Kinder im Alter von 3–4 Jahren kostenlos zum Ausdrucken,"Dibujo para colorear sencillo en blanco y negro con un perro frente a la caseta para niños de 3–4 años, gratis para imprimir",,,,,,,,,,
1001,lv2_gem_1001-dog-doghouse-coloring,zvirata,domaci-zvirata,2026-07-09,,jemna-motorika,Pejsek před boudou,Dog in Front of the Doghouse,Hund vor der Hundehütte,Perro frente a la caseta,,,,,Jednoduchá černobílá dětská omalovánka s pejsek před boudou pro děti (předškoláky) ve věku 5–6 let k vytisknutí zdarma,Simple black and white children's coloring page with a dog in front of the doghouse for kids (preschoolers) aged 5–6 years old free to print,Einfaches schwarz-weißes Ausmalbild mit einem Hund vor der Hundehütte für Kinder im Alter von 5–6 Jahren kostenlos zum Ausdrucken,"Dibujo para colorear sencillo en blanco y negro con un perro frente a la caseta para niños de 5–6 años, gratis para imprimir",,,,,,,,,,
8001,lv2_gem_8001-space-rocket-coloring,vesmir,mise,2026-07-10,,jemna-motorika,Vesmírná raketa,Space Rocket,Weltraumrakete,Cohete espacial,,,,,Jednoduchá černobílá dětská omalovánka s vesmírnou raketou pro děti (předškoláky) ve věku 5–6 let k vytisknutí zdarma,Simple black and white children's coloring page with a space rocket for kids (preschoolers) aged 5–6 years old free to print,Einfaches schwarz-weißes Ausmalbild mit einer Weltraumrakete für Kinder im Alter von 5–6 Jahren kostenlos zum Ausdrucken,"Dibujo para colorear sencillo en blanco y negro con un cohete espacial para niños de 5–6 años, gratis para imprimir",,,,,,,,,,
10017,lv1_gpt_10017_1_en-pumpkin-coloring-page,svatky,halloween,2026-10-02,"podzim,halloween",jemna-motorika,Halloweenová dýně,Halloween Pumpkin,Halloween-Kürbis,Calabaza de Halloween,,,,,"Halloweenová dýně: jednoduchá černobílá omalovánka LV1 pro děti 3–4 roky, zdarma k vytisknutí na A4.","Halloween Pumpkin: simple black-and-white LV1 coloring page for children ages 3–4, free to print on A4 paper.","Halloween-Kürbis: einfaches schwarz-weißes Ausmalbild der Stufe 1 für Kinder von 3–4 Jahren, kostenlos auf A4 drucken.","Calabaza de Halloween: dibujo sencillo en blanco y negro de nivel 1 para niños de 3–4 años, gratis para imprimir en A4.",,,,,Halloweenová dýně: barevný vzor k omalovánce LV1.,Halloween Pumpkin: color sample for the LV1 coloring page.,Halloween-Kürbis: Farbvorlage zum Ausmalbild der Stufe 1.,Calabaza de Halloween: modelo a color para el dibujo de nivel 1.,en,1
10018,lv1_gpt_10018_1_en-friendly-ghost-coloring-page,svatky,halloween,2026-10-02,"podzim,halloween",jemna-motorika,Veselý duch,Friendly Ghost,Freundlicher Geist,Fantasma simpático,,,,,"Veselý duch: jednoduchá černobílá omalovánka LV1 pro děti 3–4 roky, zdarma k vytisknutí na A4.","Friendly Ghost: simple black-and-white LV1 coloring page for children ages 3–4, free to print on A4 paper.","Freundlicher Geist: einfaches schwarz-weißes Ausmalbild der Stufe 1 für Kinder von 3–4 Jahren, kostenlos auf A4 drucken.","Fantasma simpático: dibujo sencillo en blanco y negro de nivel 1 para niños de 3–4 años, gratis para imprimir en A4.",,,,,Veselý duch: barevný vzor k omalovánce LV1.,Friendly Ghost: color sample for the LV1 coloring page.,Freundlicher Geist: Farbvorlage zum Ausmalbild der Stufe 1.,Fantasma simpático: modelo a color para el dibujo de nivel 1.,en,1
10185,lv1_gpt_10185_1_en-bat-with-spread-wings-coloring-page,svatky,halloween,2026-10-02,"podzim,halloween",jemna-motorika,Netopýr s roztaženými křídly,Bat with Spread Wings,Fledermaus mit ausgebreiteten Flügeln,Murciélago con las alas abiertas,,,,,"Netopýr s roztaženými křídly: jednoduchá černobílá omalovánka LV1 pro děti 3–4 roky, zdarma k vytisknutí na A4.","Bat with Spread Wings: simple black-and-white LV1 coloring page for children ages 3–4, free to print on A4 paper.","Fledermaus mit ausgebreiteten Flügeln: einfaches schwarz-weißes Ausmalbild der Stufe 1 für Kinder von 3–4 Jahren, kostenlos auf A4 drucken.","Murciélago con las alas abiertas: dibujo sencillo en blanco y negro de nivel 1 para niños de 3–4 años, gratis para imprimir en A4.",,,,,Netopýr s roztaženými křídly: barevný vzor k omalovánce LV1.,Bat with Spread Wings: color sample for the LV1 coloring page.,Fledermaus mit ausgebreiteten Flügeln: Farbvorlage zum Ausmalbild der Stufe 1.,Murciélago con las alas abiertas: modelo a color para el dibujo de nivel 1.,en,1
10021,lv1_gpt_10021_1_en-witch-hat-coloring-page,svatky,halloween,2026-10-02,"podzim,halloween",jemna-motorika,Klobouk čarodějnice,Witch Hat,Hexenhut,Sombrero de bruja,,,,,"Klobouk čarodějnice: černobílá omalovánka LV1 pro děti 3–4 let, zdarma k vytisknutí na A4.","Witch Hat: black-and-white LV1 coloring page for ages 3–4, free to print on A4 paper.","Hexenhut: schwarz-weißes Ausmalbild der Stufe 1 für Kinder von 3–4 Jahren, kostenlos auf A4 drucken.","Sombrero de bruja: dibujo en blanco y negro de nivel 1 para niños de 3–4 años, gratis para imprimir en A4.",,,,,Klobouk čarodějnice: barevný vzor k omalovánce LV1.,Witch Hat: color sample for the LV1 coloring page.,Hexenhut: Farbvorlage zum Ausmalbild der Stufe 1.,Sombrero de bruja: modelo a color para el dibujo de nivel 1.,en,1
10186,lv1_gpt_10186_1_en-friendly-cat-and-pumpkin-coloring-page,svatky,halloween,2026-10-02,"podzim,halloween",jemna-motorika,Kočka s halloweenskou dýní,Cat with a Halloween Pumpkin,Katze mit Halloween-Kürbis,Gato con una calabaza de Halloween,,,,,"Kočka s halloweenskou dýní: černobílá omalovánka LV1 pro děti 3–4 let, zdarma k vytisknutí na A4.","Cat with a Halloween Pumpkin: black-and-white LV1 coloring page for ages 3–4, free to print on A4 paper.","Katze mit Halloween-Kürbis: schwarz-weißes Ausmalbild der Stufe 1 für Kinder von 3–4 Jahren, kostenlos auf A4 drucken.","Gato con una calabaza de Halloween: dibujo en blanco y negro de nivel 1 para niños de 3–4 años, gratis para imprimir en A4.",,,,,Kočka s halloweenskou dýní: barevný vzor k omalovánce LV1.,Cat with a Halloween Pumpkin: color sample for the LV1 coloring page.,Katze mit Halloween-Kürbis: Farbvorlage zum Ausmalbild der Stufe 1.,Gato con una calabaza de Halloween: modelo a color para el dibujo de nivel 1.,en,1
10187,lv2_gpt_10187_1_en-pumpkin-with-autumn-leaves-coloring-page,svatky,halloween,2026-10-02,"podzim,halloween",jemna-motorika,Dýně s podzimními listy,Pumpkin with Autumn Leaves,Kürbis mit Herbstblättern,Calabaza con hojas de otoño,,,,,"Dýně s podzimními listy: černobílá omalovánka LV2 pro děti 5–6 let, zdarma k vytisknutí na A4.","Pumpkin with Autumn Leaves: black-and-white LV2 coloring page for ages 5–6, free to print on A4 paper.","Kürbis mit Herbstblättern: schwarz-weißes Ausmalbild der Stufe 2 für Kinder von 5–6 Jahren, kostenlos auf A4 drucken.","Calabaza con hojas de otoño: dibujo en blanco y negro de nivel 2 para niños de 5–6 años, gratis para imprimir en A4.",,,,,Dýně s podzimními listy: barevný vzor k omalovánce LV2.,Pumpkin with Autumn Leaves: color sample for the LV2 coloring page.,Kürbis mit Herbstblättern: Farbvorlage zum Ausmalbild der Stufe 2.,Calabaza con hojas de otoño: modelo a color para el dibujo de nivel 2.,en,1
10188,lv2_gpt_10188_1_en-friendly-ghost-in-front-of-haunted-house-coloring-page,svatky,halloween,2026-10-02,"podzim,halloween",jemna-motorika,Duch před strašidelným domem,Ghost in Front of a Haunted House,Geist vor einem Spukhaus,Fantasma frente a una casa encantada,,,,,"Duch před strašidelným domem: černobílá omalovánka LV2 pro děti 5–6 let, zdarma k vytisknutí na A4.","Ghost in Front of a Haunted House: black-and-white LV2 coloring page for ages 5–6, free to print on A4 paper.","Geist vor einem Spukhaus: schwarz-weißes Ausmalbild der Stufe 2 für Kinder von 5–6 Jahren, kostenlos auf A4 drucken.","Fantasma frente a una casa encantada: dibujo en blanco y negro de nivel 2 para niños de 5–6 años, gratis para imprimir en A4.",,,,,Duch před strašidelným domem: barevný vzor k omalovánce LV2.,Ghost in Front of a Haunted House: color sample for the LV2 coloring page.,Geist vor einem Spukhaus: Farbvorlage zum Ausmalbild der Stufe 2.,Fantasma frente a una casa encantada: modelo a color para el dibujo de nivel 2.,en,1
10189,lv2_gpt_10189_1_en-cat-sitting-on-pumpkin-coloring-page,svatky,halloween,2026-10-02,"podzim,halloween",jemna-motorika,Kočka na dýni,Cat Sitting on a Pumpkin,Katze auf einem Kürbis,Gato sentado en una calabaza,,,,,"Kočka na dýni: černobílá omalovánka LV2 pro děti 5–6 let, zdarma k vytisknutí na A4.","Cat Sitting on a Pumpkin: black-and-white LV2 coloring page for ages 5–6, free to print on A4 paper.","Katze auf einem Kürbis: schwarz-weißes Ausmalbild der Stufe 2 für Kinder von 5–6 Jahren, kostenlos auf A4 drucken.","Gato sentado en una calabaza: dibujo en blanco y negro de nivel 2 para niños de 5–6 años, gratis para imprimir en A4.",,,,,Kočka na dýni: barevný vzor k omalovánce LV2.,Cat Sitting on a Pumpkin: color sample for the LV2 coloring page.,Katze auf einem Kürbis: Farbvorlage zum Ausmalbild der Stufe 2.,Gato sentado en una calabaza: modelo a color para el dibujo de nivel 2.,en,1
10190,lv2_gpt_10190_1_en-witch-with-broom-and-moon-coloring-page,svatky,halloween,2026-10-02,"podzim,halloween",jemna-motorika,Čarodějnice s koštětem a měsícem,Witch with a Broom and Moon,Hexe mit Besen und Mond,Bruja con escoba y luna,,,,,"Čarodějnice s koštětem a měsícem: černobílá omalovánka LV2 pro děti 5–6 let, zdarma k vytisknutí na A4.","Witch with a Broom and Moon: black-and-white LV2 coloring page for ages 5–6, free to print on A4 paper.","Hexe mit Besen und Mond: schwarz-weißes Ausmalbild der Stufe 2 für Kinder von 5–6 Jahren, kostenlos auf A4 drucken.","Bruja con escoba y luna: dibujo en blanco y negro de nivel 2 para niños de 5–6 años, gratis para imprimir en A4.",,,,,Čarodějnice s koštětem a měsícem: barevný vzor k omalovánce LV2.,Witch with a Broom and Moon: color sample for the LV2 coloring page.,Hexe mit Besen und Mond: Farbvorlage zum Ausmalbild der Stufe 2.,Bruja con escoba y luna: modelo a color para el dibujo de nivel 2.,en,1
